{
  "model": "gpt2",
  "num_steps": 10,
  "num_samples_G": 4,
  "kl_coeff": 0.01,
  "final_avg_reward": 0.0,
  "total_time": 13.65346622467041,
  "rewards": [
    0.0,
    0.0,
    0.0,
    0.0,
    0.0,
    0.0,
    0.0,
    0.0,
    0.0,
    0.0
  ],
  "losses": [
    0.38659384846687317,
    0.3945658206939697,
    0.14324961602687836,
    0.1677388846874237,
    0.18711461126804352,
    0.12135813385248184,
    0.09073811769485474,
    0.13006331026554108,
    0.1291581690311432,
    0.08773426711559296
  ]
}