{
  "model": "gpt2",
  "num_steps": 20,
  "num_samples_G": 4,
  "kl_coeff": 0.01,
  "final_avg_reward": 0.16471153846153846,
  "total_time": 27.774444341659546,
  "rewards": [
    0.075,
    0.07233391608391608,
    0.08750000000000001,
    0.03125,
    0.17500000000000002,
    0.3375,
    0.2980769230769231,
    0.125,
    0.35192307692307695,
    0.125,
    0.2980769230769231,
    0.5192307692307692,
    0.3028846153846154,
    0.34090909090909094,
    0.625,
    0.26875,
    0.2403846153846154,
    0.025,
    0.16826923076923075,
    0.12115384615384617
  ],
  "losses": [
    1.7995373010635376,
    2.580672264099121,
    2.212590217590332,
    1.5231590270996094,
    2.4210569858551025,
    1.3088033199310303,
    1.5033137798309326,
    0.5384621620178223,
    0.5721309781074524,
    0.6582670211791992,
    0.41695308685302734,
    1.501376986503601,
    0.9005820751190186,
    0.43191319704055786,
    0.4789848327636719,
    0.26583853363990784,
    0.5609198212623596,
    0.137376070022583,
    0.8227711915969849,
    0.13508345186710358
  ]
}