{
  "model": "gpt2",
  "num_steps": 20,
  "num_samples_G": 4,
  "kl_coeff": 0.01,
  "final_avg_reward": 0.1803846153846154,
  "total_time": 27.744107007980347,
  "rewards": [
    0.084375,
    0.08299825174825175,
    0.12395833333333334,
    0.0875,
    0.2762019230769231,
    0.3125,
    0.4326923076923077,
    0.265625,
    0.30865384615384617,
    0.125,
    0.3701923076923077,
    0.5625,
    0.3076923076923077,
    0.3068181818181818,
    0.4375,
    0.3375,
    0.28846153846153844,
    0.025,
    0.1298076923076923,
    0.12115384615384617
  ],
  "losses": [
    2.725811004638672,
    1.4692740440368652,
    1.6178929805755615,
    0.8859552145004272,
    1.7648473978042603,
    1.521592140197754,
    0.5481487512588501,
    1.0130826234817505,
    0.8887132406234741,
    0.5145155191421509,
    1.0126081705093384,
    0.5330466628074646,
    0.6414849758148193,
    0.7163424491882324,
    0.3356083929538727,
    0.8539331555366516,
    0.14686957001686096,
    0.13266843557357788,
    0.9892311096191406,
    0.12898287177085876
  ]
}