{
  "model": "gpt2",
  "num_steps": 20,
  "num_samples_G": 4,
  "kl_coeff": 0.01,
  "final_avg_reward": 0.19673076923076924,
  "total_time": 27.265461683273315,
  "rewards": [
    0.10625,
    0.0847465034965035,
    0.15416666666666667,
    0.1375,
    0.27019230769230773,
    0.45,
    0.2932692307692308,
    0.203125,
    0.4528846153846154,
    0.1875,
    0.3076923076923077,
    0.5576923076923077,
    0.3317307692307693,
    0.3678977272727273,
    0.5,
    0.275,
    0.3028846153846154,
    0.025,
    0.2596153846153846,
    0.12115384615384617
  ],
  "losses": [
    2.486880302429199,
    1.9260189533233643,
    1.7989088296890259,
    1.0729566812515259,
    1.0575802326202393,
    1.4640730619430542,
    1.2445296049118042,
    0.9914600849151611,
    1.1170456409454346,
    0.34348830580711365,
    0.8994047045707703,
    0.737814724445343,
    1.3628374338150024,
    0.9349114298820496,
    0.9740275740623474,
    0.8202939629554749,
    1.0809718370437622,
    0.13447833061218262,
    1.1484401226043701,
    0.1210503801703453
  ]
}