{
  "model": "gpt2",
  "num_steps": 50,
  "batch_size": 4,
  "learning_rate": 5e-05,
  "final_loss": 1.1044642984867097,
  "total_time": 2.4943931102752686,
  "losses": [
    5.85554313659668,
    5.184834003448486,
    4.52332067489624,
    5.114073753356934,
    5.380958080291748,
    4.139378547668457,
    3.866666078567505,
    3.542224168777466,
    3.638718366622925,
    3.734434127807617,
    3.5301544666290283,
    3.1603901386260986,
    3.3502323627471924,
    2.932060480117798,
    2.8498098850250244,
    2.6850955486297607,
    2.2446165084838867,
    2.561351776123047,
    2.4163525104522705,
    2.4145309925079346,
    2.146397113800049,
    2.0420663356781006,
    1.8601003885269165,
    1.9128087759017944,
    2.052804708480835,
    1.7214133739471436,
    2.1049580574035645,
    1.6215262413024902,
    1.9447966814041138,
    1.7667886018753052,
    1.674609899520874,
    1.383292555809021,
    1.4602900743484497,
    1.6578176021575928,
    1.700297474861145,
    1.2700510025024414,
    1.4124289751052856,
    1.2542519569396973,
    1.0408847332000732,
    1.5174891948699951,
    1.2491892576217651,
    1.1085903644561768,
    1.2609809637069702,
    1.1630113124847412,
    1.1080994606018066,
    1.111588478088379,
    1.0100595951080322,
    1.137709140777588,
    0.6309855580329895,
    1.2644288539886475
  ]
}