{
  "model": "gpt2",
  "num_steps": 50,
  "batch_size": 4,
  "learning_rate": 5e-05,
  "final_loss": 1.2336518704891204,
  "total_time": 2.5164473056793213,
  "losses": [
    4.211241722106934,
    4.813411235809326,
    5.067803859710693,
    4.954275131225586,
    4.507707118988037,
    4.65393590927124,
    4.873183250427246,
    4.298820495605469,
    3.8541088104248047,
    3.082232713699341,
    3.6493079662323,
    3.2849888801574707,
    3.053044319152832,
    2.471541166305542,
    2.7026524543762207,
    2.3209643363952637,
    1.8446155786514282,
    1.7242010831832886,
    1.6588788032531738,
    2.1118621826171875,
    1.9724643230438232,
    1.7832168340682983,
    2.3504955768585205,
    1.6581840515136719,
    1.8415437936782837,
    1.8631929159164429,
    1.8393385410308838,
    1.4210779666900635,
    1.294754147529602,
    1.3062431812286377,
    1.675138235092163,
    1.7774746417999268,
    1.7923005819320679,
    1.2344624996185303,
    1.6764174699783325,
    1.6871744394302368,
    1.7044005393981934,
    1.0903143882751465,
    1.2720527648925781,
    0.8551105856895447,
    0.9228407144546509,
    1.5093799829483032,
    1.2818366289138794,
    1.2050307989120483,
    1.5982286930084229,
    1.0763866901397705,
    1.1821235418319702,
    0.9157522320747375,
    1.481325626373291,
    1.1636137962341309
  ]
}