{
  "model": "gpt2",
  "num_steps": 20,
  "batch_size": 4,
  "learning_rate": 5e-05,
  "final_loss": 0.48893320821225644,
  "total_time": 1.220768690109253,
  "losses": [
    5.195871353149414,
    5.452373027801514,
    4.933103084564209,
    4.678509712219238,
    4.617107391357422,
    3.84932804107666,
    3.3832879066467285,
    2.9360456466674805,
    1.8027079105377197,
    1.5213943719863892,
    1.0924643278121948,
    0.8203591704368591,
    0.7486618757247925,
    1.0130137205123901,
    0.156070277094841,
    0.11547067761421204,
    0.42083096504211426,
    0.121163509786129,
    0.37663382291793823,
    0.024663735181093216
  ]
}