{
  "model": "gpt2",
  "num_steps": 50,
  "batch_size": 4,
  "learning_rate": 5e-05,
  "final_loss": 1.2036245226860047,
  "total_time": 2.5111289024353027,
  "losses": [
    4.998688697814941,
    5.407983779907227,
    3.9153645038604736,
    4.105495452880859,
    3.9362194538116455,
    4.302554607391357,
    3.5698931217193604,
    4.479544639587402,
    3.824321985244751,
    3.448777914047241,
    2.768892288208008,
    3.2137348651885986,
    3.09769606590271,
    2.671693801879883,
    2.994845390319824,
    2.4580206871032715,
    2.376857280731201,
    2.2332141399383545,
    2.6045660972595215,
    1.866233229637146,
    2.259683609008789,
    2.122925281524658,
    2.1172444820404053,
    2.0181827545166016,
    1.672473430633545,
    1.9311028718948364,
    1.7746859788894653,
    1.309570550918579,
    1.2429908514022827,
    1.4934593439102173,
    2.1715307235717773,
    1.6849445104599,
    1.464482069015503,
    1.524745225906372,
    1.5804582834243774,
    1.8165744543075562,
    1.4500033855438232,
    0.8234478235244751,
    1.4782249927520752,
    1.1258959770202637,
    1.4088340997695923,
    1.2177040576934814,
    1.1454683542251587,
    1.114756464958191,
    1.2165014743804932,
    0.9761228561401367,
    1.0470722913742065,
    1.2070138454437256,
    1.055421233177185,
    1.647350549697876
  ]
}