{
  "conditions": [
    "SFT\n(baseline)",
    "w/o\nGR_Main",
    "w/o\nAU",
    "w/o\nAG",
    "w/o\nFSC",
    "w/o\nSTP"
  ],
  "values": [
    83.45,
    81.12,
    74.13,
    78.55,
    81.59,
    80.65
  ],
  "drops": [
    0,
    2.3299999999999983,
    9.320000000000007,
    4.900000000000006,
    1.8599999999999994,
    2.799999999999997
  ]
}