{
  "task1": {
    "inter_model_similarity": {
      "claude-haiku-4.5": {
        "claude-haiku-4.5": 0.8953202962875366,
        "claude-sonnet-4.5": 0.8210362792015076,
        "claude-sonnet-4.6": 0.796480119228363,
        "gpt-5-nano": 0.706275999546051,
        "gpt-5-mini": 0.7249249219894409,
        "gpt-5": 0.724062442779541
      },
      "claude-sonnet-4.5": {
        "claude-haiku-4.5": 0.8210362195968628,
        "claude-sonnet-4.5": 0.8983447551727295,
        "claude-sonnet-4.6": 0.8112364411354065,
        "gpt-5-nano": 0.7135955691337585,
        "gpt-5-mini": 0.7363674640655518,
        "gpt-5": 0.7380619049072266
      },
      "claude-sonnet-4.6": {
        "claude-haiku-4.5": 0.7964801788330078,
        "claude-sonnet-4.5": 0.8112364411354065,
        "claude-sonnet-4.6": 0.9319630265235901,
        "gpt-5-nano": 0.7555248737335205,
        "gpt-5-mini": 0.7840713262557983,
        "gpt-5": 0.7920410633087158
      },
      "gpt-5-nano": {
        "claude-haiku-4.5": 0.706275999546051,
        "claude-sonnet-4.5": 0.7135955691337585,
        "claude-sonnet-4.6": 0.7555248141288757,
        "gpt-5-nano": 0.8592000007629395,
        "gpt-5-mini": 0.8178890943527222,
        "gpt-5": 0.7944607734680176
      },
      "gpt-5-mini": {
        "claude-haiku-4.5": 0.7249249219894409,
        "claude-sonnet-4.5": 0.7363674640655518,
        "claude-sonnet-4.6": 0.7840713262557983,
        "gpt-5-nano": 0.8178890943527222,
        "gpt-5-mini": 0.8739324808120728,
        "gpt-5": 0.827187180519104
      },
      "gpt-5": {
        "claude-haiku-4.5": 0.7240623235702515,
        "claude-sonnet-4.5": 0.7380619049072266,
        "claude-sonnet-4.6": 0.7920410633087158,
        "gpt-5-nano": 0.7944607734680176,
        "gpt-5-mini": 0.827187180519104,
        "gpt-5": 0.8690659403800964
      }
    },
    "intra_model_similarity": {
      "claude-haiku-4.5": {
        "mean": 0.8953201770782471,
        "std": 0.046227406710386276
      },
      "claude-sonnet-4.5": {
        "mean": 0.8983448147773743,
        "std": 0.042621463537216187
      },
      "claude-sonnet-4.6": {
        "mean": 0.9319630265235901,
        "std": 0.03092937357723713
      },
      "gpt-5-nano": {
        "mean": 0.8592000007629395,
        "std": 0.030709106475114822
      },
      "gpt-5-mini": {
        "mean": 0.8739324808120728,
        "std": 0.027638649567961693
      },
      "gpt-5": {
        "mean": 0.8690658807754517,
        "std": 0.03236829861998558
      }
    },
    "same_paper_similarity": {
      "mean": 0.787612281836022,
      "std": 0.09104047705610521,
      "n_pairs": 88500
    },
    "diff_paper_similarity": {
      "mean": 0.40202971335707605,
      "std": 0.08178240572386582,
      "n_pairs": 500000
    }
  },
  "task2": {
    "inter_model_similarity": {
      "claude-haiku-4.5": {
        "claude-haiku-4.5": 0.7540140748023987,
        "claude-sonnet-4.5": 0.6376988887786865,
        "claude-sonnet-4.6": 0.6532189249992371,
        "gpt-5-nano": 0.6228943467140198,
        "gpt-5-mini": 0.6118887662887573,
        "gpt-5": 0.5651260018348694
      },
      "claude-sonnet-4.5": {
        "claude-haiku-4.5": 0.6376988887786865,
        "claude-sonnet-4.5": 0.7143884897232056,
        "claude-sonnet-4.6": 0.648240327835083,
        "gpt-5-nano": 0.6258987784385681,
        "gpt-5-mini": 0.6128573417663574,
        "gpt-5": 0.565524697303772
      },
      "claude-sonnet-4.6": {
        "claude-haiku-4.5": 0.6532189249992371,
        "claude-sonnet-4.5": 0.6482402682304382,
        "claude-sonnet-4.6": 0.8138272166252136,
        "gpt-5-nano": 0.6636274456977844,
        "gpt-5-mini": 0.6698969006538391,
        "gpt-5": 0.6171000003814697
      },
      "gpt-5-nano": {
        "claude-haiku-4.5": 0.6228943467140198,
        "claude-sonnet-4.5": 0.6258987784385681,
        "claude-sonnet-4.6": 0.6636274456977844,
        "gpt-5-nano": 0.7374905943870544,
        "gpt-5-mini": 0.6699773669242859,
        "gpt-5": 0.6208341717720032
      },
      "gpt-5-mini": {
        "claude-haiku-4.5": 0.6118888258934021,
        "claude-sonnet-4.5": 0.6128573417663574,
        "claude-sonnet-4.6": 0.6698969006538391,
        "gpt-5-nano": 0.6699773669242859,
        "gpt-5-mini": 0.7403771281242371,
        "gpt-5": 0.6739141345024109
      },
      "gpt-5": {
        "claude-haiku-4.5": 0.5651259422302246,
        "claude-sonnet-4.5": 0.565524697303772,
        "claude-sonnet-4.6": 0.617099940776825,
        "gpt-5-nano": 0.6208341121673584,
        "gpt-5-mini": 0.6739141345024109,
        "gpt-5": 0.6991895437240601
      }
    },
    "intra_model_similarity": {
      "claude-haiku-4.5": {
        "mean": 0.7540140748023987,
        "std": 0.06740943342447281
      },
      "claude-sonnet-4.5": {
        "mean": 0.7143884897232056,
        "std": 0.05952710658311844
      },
      "claude-sonnet-4.6": {
        "mean": 0.8138272166252136,
        "std": 0.07366705685853958
      },
      "gpt-5-nano": {
        "mean": 0.7374905943870544,
        "std": 0.05664437264204025
      },
      "gpt-5-mini": {
        "mean": 0.7403771281242371,
        "std": 0.05926726758480072
      },
      "gpt-5": {
        "mean": 0.6991895437240601,
        "std": 0.08080211281776428
      }
    },
    "same_paper_similarity": {
      "mean": 0.6479081355386457,
      "std": 0.1132949071613091,
      "n_pairs": 88265
    },
    "diff_paper_similarity": {
      "mean": 0.38684156031381434,
      "std": 0.08205668995821053,
      "n_pairs": 500000
    }
  }
}