{
  "target_ratio": 0.5,
  "wikitext2_ppl": 12.865431785583496,
  "c4_ppl": 26.634109497070312
}