{
  "target_ratio": 0.4,
  "wikitext2_ppl": 17.917049407958984,
  "ptb_ppl": 129.85665893554688,
  "c4_ppl": 41.408470153808594
}