{
  "target_ratio": 0.5,
  "wikitext2_ppl": 13.614686012268066,
  "ptb_ppl": 157.17543029785156,
  "c4_ppl": 32.66023635864258
}