{
  "target_ratio": 0.8,
  "wikitext2_ppl": 7.546633243560791,
  "ptb_ppl": 78.4148941040039,
  "c4_ppl": 12.377583503723145
}