{
  "target_ratio": 0.6,
  "wikitext2_ppl": 11.275089263916016,
  "ptb_ppl": 112.14469909667969,
  "c4_ppl": 21.19537353515625
}