{
  "model_path": "/workspace/pruned_models/Llama-2-7b-hf_ratio0.8",
  "task_results": {
    "boolq": {
      "acc": 0.6045871559633027,
      "acc_norm": null
    },
    "piqa": {
      "acc": 0.7176278563656148,
      "acc_norm": 0.7230685527747551
    },
    "arc_easy": {
      "acc": 0.6620370370370371,
      "acc_norm": 0.6115319865319865
    }
  },
  "avg_acc": 0.6614173497886515
}